name,url,username,password,note
LinkedIn: Jobs & Business News,android://pBowWSLvFMHp-Qulwesr2bSrcr9vsiPPhGed3xcXj5ZNJccRGvbP7pPFSqeoQ8NHooDFe29iIWzU_fETWE2UpQ==@com.linkedin.android/,7006787893,6006196668@Li,
aa115.taleo.net,https://aa115.taleo.net/careersection/iam/accessmanagement/login.jsf,basitshafi.dev_3682,iSiEuh?=8=UGhPx,
account.jetbrains.com,https://account.jetbrains.com/,wasit185290@st.jmi.ac.in,9622511677@Je,
account.proton.me,https://account.proton.me/,basit,6006196668@Pr,
account.proton.me,https://account.proton.me/,basit123,6006196668@Pr,
account.proton.me,https://account.proton.me/,basit123xxx,6006196668@Pr,
accounts.digilocker.gov.in,https://accounts.digilocker.gov.in/signin/username_login/2d4af3b1a0e2ef68e92e987bec4f515c--en,devxbasit,600619,
accounts.digilocker.gov.in,https://accounts.digilocker.gov.in/signin/username_login/efa5393fe920f5631ad9072e903f635d--en,wasit-shafi,511677,
accounts.firefox.com,https://accounts.firefox.com/,mailtobasit74@gmail.com,6006196668@Mo,
accounts.google.com,https://accounts.google.com/,basitshafi.dev@gmail.com,6006196668@Go,
accounts.google.com,https://accounts.google.com/,devxbasit@gmail.com,6006196668@Go,
accounts.google.com,https://accounts.google.com/,mailtobasit74@gmail.com,6006196668@Go,
accounts.google.com,https://accounts.google.com/,on,6006196668@Go,
accounts.kaleido.ai,https://accounts.kaleido.ai/users/sign_up,hoyacem859@iteradev.com,hoyacem859@iteradev.com,
accounts.reddit.com,https://accounts.reddit.com/,baatinx,Reset your password,
accounts.spotify.com,https://accounts.spotify.com/,mailtobasit74@gmail.com,6006196668@Sp,
accounts.toggl.com,https://accounts.toggl.com/,mailtobasit74@gmail.com,878y:NkV'HPZ~D.,
accounts.wondershare.com,https://accounts.wondershare.com/web/login-3rd-new,F+Mh/+Z!sjE!@74,F+Mh/+Z!sjE!@74,
accounts.wondershare.com,https://accounts.wondershare.com/web/register-new,sawoto6541@sablecc.com,sawoto6541@sablecc.com,
admin.monsterasp.net,https://admin.monsterasp.net/app/customer/settings/password,mailtobasit74@gmail.com,6006196668@Mo,
admin.monsterasp.net,https://admin.monsterasp.net/login,devxbasit@gmail.com,6006196668@Mo,
aeroleads.com,https://aeroleads.com/users/register,koqicina@polkaroad.net,7eBC@cLaCA5bRWa,
aeroleads.com,https://aeroleads.com/users/register,lyluwoxa@logsmarter.net,7eBC@cLaCA5bRWa,
app.100xdevs.com,https://app.100xdevs.com/,wasitshafi700@gmail.com,9622511677@Ha,
app.blabigo.com,https://app.blabigo.com/signup,rogob60031@maxturns.com,Pa$$w0rd!,
app.datagma.com,https://app.datagma.com/sign-up,sapseledre@gufum.com,bZ$8kna7DVP!gxG,
app.emailsearch.io,https://app.emailsearch.io/,barracuda02820@dotzi.net,L@CMHn27Hj6CtKs,
app.expandi.io,https://app.expandi.io/register,teira74540@dotup.net,teira74540@dotup.net,
app.fullenrich.com,https://app.fullenrich.com/app/register,horse32541@vibzi.net,ucahQ69!@r!Wdc@,
app.getprospect.com,https://app.getprospect.com/login,sosigi9930@esterace.com,sosigi9930@esterace.com,
app.getprospect.com,https://app.getprospect.com/sign-up,nagywo@logsmarter.net,sosigi9930@esterace.com,
app.instantly.ai,https://app.instantly.ai/auth/signup,ox2776@dotvu.net,lyluwoxa@logsmarter.net,
app.kaspr.io,https://app.kaspr.io/signup/,sosigi9930@esterace.com,sosigi9930@esterace.com@22w1d#D,
app.lemlist.com,https://app.lemlist.com/create-account,behihi@polkaroad.net,66u$AaR_XN2icU5,
app.lemlist.com,https://app.lemlist.com/create-account,bocinetu@cyclelove.cc,66u$AaR_XN2icU5,
app.lemlist.com,https://app.lemlist.com/create-account,cinituqo@azuretechtalk.net,66u$AaR_XN2icU5,
app.lemlist.com,https://app.lemlist.com/create-account,cisoqi@logsmarter.net,66u$AaR_XN2icU5,
app.lemlist.com,https://app.lemlist.com/create-account,dawyge@thetechnext.net,66u$AaR_XN2icU5,
app.lemlist.com,https://app.lemlist.com/create-account,dijobizu@azuretechtalk.net,66u$AaR_XN2icU5,
app.lemlist.com,https://app.lemlist.com/create-account,dogoxusa@polkaroad.net,66u$AaR_XN2icU5,
app.lemlist.com,https://app.lemlist.com/create-account,duduqezi@logsmarter.net,66u$AaR_XN2icU5,
app.lemlist.com,https://app.lemlist.com/create-account,galylizu@polkaroad.net,66u$AaR_XN2icU5,
app.lemlist.com,https://app.lemlist.com/create-account,gixezecy@azuretechtalk.net,66u$AaR_XN2icU5,
app.lemlist.com,https://app.lemlist.com/create-account,higypoce@cyclelove.cc,66u$AaR_XN2icU5,
app.lemlist.com,https://app.lemlist.com/create-account,hutilosu@polkaroad.net,66u$AaR_XN2icU5,
app.lemlist.com,https://app.lemlist.com/create-account,huwefi@azuretechtalk.net,66u$AaR_XN2icU5,
app.lemlist.com,https://app.lemlist.com/create-account,hysehyne@azuretechtalk.net,66u$AaR_XN2icU5,
app.lemlist.com,https://app.lemlist.com/create-account,jodunady@azuretechtalk.net,66u$AaR_XN2icU5,
app.lemlist.com,https://app.lemlist.com/create-account,kexipova@thetechnext.net,66u$AaR_XN2icU5,
app.lemlist.com,https://app.lemlist.com/create-account,lafici@thetechnext.net,66u$AaR_XN2icU5,
app.lemlist.com,https://app.lemlist.com/create-account,lobevony@logsmarter.net,66u$AaR_XN2icU5,
app.lemlist.com,https://app.lemlist.com/create-account,lulyvala@cyclelove.cc,66u$AaR_XN2icU5,
app.lemlist.com,https://app.lemlist.com/create-account,maqyxo@polkaroad.net,66u$AaR_XN2icU5,
app.lemlist.com,https://app.lemlist.com/create-account,migope@logsmarter.net,66u$AaR_XN2icU5,
app.lemlist.com,https://app.lemlist.com/create-account,nebaxuvy@thetechnext.net,66u$AaR_XN2icU5,
app.lemlist.com,https://app.lemlist.com/create-account,netyze@cyclelove.cc,66u$AaR_XN2icU5,
app.lemlist.com,https://app.lemlist.com/create-account,poguloca@cyclelove.cc,66u$AaR_XN2icU5,
app.lemlist.com,https://app.lemlist.com/create-account,puhufepo@polkaroad.net,66u$AaR_XN2icU5,
app.lemlist.com,https://app.lemlist.com/create-account,pywoveba@logsmarter.net,66u$AaR_XN2icU5,
app.lemlist.com,https://app.lemlist.com/create-account,qejolifo@cyclelove.cc,66u$AaR_XN2icU5,
app.lemlist.com,https://app.lemlist.com/create-account,qoxumoqe@logsmarter.net,66u$AaR_XN2icU5,
app.lemlist.com,https://app.lemlist.com/create-account,rahyva@cyclelove.cc,66u$AaR_XN2icU5,
app.lemlist.com,https://app.lemlist.com/create-account,rasehudy@logsmarter.net,66u$AaR_XN2icU5,
app.lemlist.com,https://app.lemlist.com/create-account,rasivyne@cyclelove.cc,66u$AaR_XN2icU5,
app.lemlist.com,https://app.lemlist.com/create-account,rewuvype@cyclelove.cc,66u$AaR_XN2icU5,
app.lemlist.com,https://app.lemlist.com/create-account,rukakuxe@polkaroad.net,66u$AaR_XN2icU5,
app.lemlist.com,https://app.lemlist.com/create-account,ryzihaja@logsmarter.net,66u$AaR_XN2icU5,
app.lemlist.com,https://app.lemlist.com/create-account,tajifyda@polkaroad.net,66u$AaR_XN2icU5,
app.lemlist.com,https://app.lemlist.com/create-account,tohinanu@polkaroad.net,66u$AaR_XN2icU5,
app.lemlist.com,https://app.lemlist.com/create-account,voqixaso@azuretechtalk.net,66u$AaR_XN2icU5,
app.lemlist.com,https://app.lemlist.com/create-account,wyrytawi@azuretechtalk.net,66u$AaR_XN2icU5,
app.lemlist.com,https://app.lemlist.com/create-account,xufomu@cyclelove.cc,66u$AaR_XN2icU5,
app.lemlist.com,https://app.lemlist.com/create-account,xumalanu@logsmarter.net,66u$AaR_XN2icU5,
app.lemlist.com,https://app.lemlist.com/create-account,xylurige@cyclelove.cc,66u$AaR_XN2icU5,
app.lemlist.com,https://app.lemlist.com/create-account,zohumamo@cyclelove.cc,66u$AaR_XN2icU5,
app.lemlist.com,https://app.lemlist.com/create-account,zunuco@logsmarter.net,66u$AaR_XN2icU5,
app.lemlist.com,https://app.lemlist.com/login,xoriqihi@polkaroad.net,66u$AaR_XN2icU5,
app.mailshake.com,https://app.mailshake.com/signup,xumalanu@logsmarter.net,66u$AaR_XN2icU5,
app.nimble.com,https://app.nimble.com/gwt/,teira74540@dotup.net,6wKFheajDg!3CAx,
app.pluralsight.com,https://app.pluralsight.com/id/forgotpassword/reset,mailtobasit74@gmail.com,6006196668@Pl,
app.qureos.com,https://app.qureos.com/,basitshafi.dev@gmail.com,6006196668@Qu,
app.salesql.com,https://app.salesql.com/accounts/sign-up,fly992@dotzi.net,porpoise301@flyzy.net,
app.skiff.com,https://app.skiff.com/,,"HFjme""Y}X%}7@2&",
app.skrapp.io,https://app.skrapp.io/signup,pizeke@thetechnext.net,pizeke@thetechnext.net,
app.skrapp.io,https://app.skrapp.io/signup,xasibib251@owube.com,xasibib251@owube.com,
app.voilanorbert.com,https://app.voilanorbert.com/,ox2776@dotvu.net,dgafr2D$3E@rwQx,
app.writesonic.com,https://app.writesonic.com/signup,mailtobasit74@gmail.com,6006196668@Wr,
apps.ssbjk.org.in,https://apps.ssbjk.org.in/,iqrashafi951@gmail.com,6006196668@Jk,
aspire.zohorecruit.com,https://aspire.zohorecruit.com/accounts/w/pl/u,,6006196668@As,
astepahead.cc,https://astepahead.cc/job-seeker-sign,بسيط,6006196668@As,
auth.alternativeto.net,https://auth.alternativeto.net/,wokedi9612@vkr1.com,"=&Pjes~N""}U~4;^",
auth.geeksforgeeks.org,https://auth.geeksforgeeks.org/user/baatinx/practice/,mailtobasit74@gmail.com,6006196668@Ge,
auth.lusha.com,https://auth.lusha.com/signup,nogago7779@pokeline.com,6006196668@Lu,
aviationstack.com,https://aviationstack.com/,geyag86792@qianhost.com,geyag86792@qianhost.com,
bankapp-home.paytmbank.com,https://bankapp-home.paytmbank.com/,4389 7601 5870 8414,784,
billsahuliyat.jkpdd.net,https://billsahuliyat.jkpdd.net/,yasmeenjan774@gmail.com,6006196668@Bi,
bootdey.com,https://bootdey.com/login,biwebiw794@mcatag.com,biwebiw794@mcatag.com,
bootdey.com,https://bootdey.com/sign-up,dotih54221@jahsec.com,dotih54221@jahsec.com,
career10.successfactors.com,https://career10.successfactors.com/careers,basitshafi.dev@gmail.com,6006196668@Ca,
career2.successfactors.eu,https://career2.successfactors.eu/career,basitshafi.dev@gmail.com,6006196668@Jo,
careers.2p.com.sa,https://careers.2p.com.sa/register,basitshafi.dev@gmail.com,6006196668@Ca,
careers.hakaresources.com,https://careers.hakaresources.com/UserRegistration.aspx,basitshafi.dev@gmail.com,6006196668@Ha,
careers.wiley.com,https://careers.wiley.com/en/change-password/cusr_d4f72100000763523774/VavtNpHPmJzyFSuFmbPBWRXcJ,basitshafi.dev@gmail.com,6006196668@Wi,
chrome://firefoxaccounts,chrome://firefoxaccounts/,afe190388e65424a9a752ac40b6b65c8,"{""version"":1,""accountData"":{""scopedKeys"":{""https://identity.mozilla.com/apps/oldsync"":{""kid"":""1698473822192-YOYNCNIEvvygjBAb6bydZg"",""k"":""nvb_PL0oVeXV4qiATV4aHb9XnZeV_f5hRo-8ALqR5nxbjScCNnJAQ-wAGOCTamj7NefHrDZZ3DyYMTUoJmTgzw"",""kty"":""oct""}}}}",
clicky.com,https://clicky.com/user/register,https://devxbasit.surge.sh/,6006196668@Cl,
codeforces.com,https://codeforces.com/,devxbasit,6006196668@Co,
contactout.com,https://contactout.com/register,impala5914@driftz.net,faLunAn_6hwdUxU,
dashboard.plaid.com,https://dashboard.plaid.com/signup,mailtobasit74@gmail.com,6006196668@Pl,
dashboard.stripe.com,https://dashboard.stripe.com/register,mailtobasit74@gmail.com,6006196668@St,
dev.3cix.com,https://dev.3cix.com/login,basitshafi.dev@gmail.com,6006196668@Po,
dev.to,https://dev.to/,mailtobasit74@gmail.com,6006196668@De,
dev.to,https://dev.to/enter,devxbasit@gmail.com,6006196668@De,
discord.com,https://discord.com/,mailtobasit74@gmail.com ,6006196668@Di,
discord.com,https://discord.com/,wasitshafi700@gmail.com,9622511677@Di,
egov.uok.edu.in,https://egov.uok.edu.in/eAdmissionDDEPG/Prelogin/AckForm.aspx,iqra74,6006196668@Ku,
employee.gallery,https://employee.gallery/register/,basit,6006196668@Em,
erp.innovationuae.com,https://erp.innovationuae.com/recruitment/candidate/register,7006787893,6006196668@In,
esanad.nic.in,https://esanad.nic.in/,mailtobasit74@gmail.com,6006196668@Es,
esanad.nic.in,https://esanad.nic.in/userlogin,wasitshafi700@gmail.com,6006196668@Es,
extensions.gnome.org,https://extensions.gnome.org/,mailtobasit74@gmail.com,6006196668@Gn,
finalscout.com,https://finalscout.com/account/signup,jodunady@azuretechtalk.net,haxyAX@z4nTM@sJ,
finalscout.com,https://finalscout.com/account/signup,josasune@logsmarter.net,haxyAX@z4nTM@sJ,
forum.justgetflux.com,https://forum.justgetflux.com/,devxbasit,6006196668@Fl,
gartner.wd5.myworkdayjobs.com,https://gartner.wd5.myworkdayjobs.com/en-US/EXT/job/Chennai/Software-Engineer--Net---Angular-required-_92635-1/apply/autofillWithResume,basitshafi.dev@gmail.com,-Ft2LmiM!Ma8nfB,
github.com,https://github.com/,devxbasit@gmail.com,6006196668@Gi,
gotogulf.com,https://gotogulf.com/Canlogin.aspx,basitshafi.dev@gmail.com,6006196668@Go,
harkirat.classx.co.in,https://harkirat.classx.co.in/,wasitshafi700@gmail.com,9622511677@Ha,
hirecp.paraminfo.com,https://hirecp.paraminfo.com/login,basitshafi.dev@gmail.com,vkmq6942XU,
home.openweathermap.org,https://home.openweathermap.org/,gocawe3017@zamaneta.com,gocawe3017@zamaneta.com,
http://ec2-157-175-41-13.me-south-1.compute.amazonaws.com,http://ec2-157-175-41-13.me-south-1.compute.amazonaws.com/login,supplierstage@superfitout.com,Test@1234,
http://localhost:15672,http://localhost:15672/,guest,guest,
http://localhost:3333,http://localhost:3333/,guest,guest,
hub.docker.com,https://hub.docker.com/,devxbasit@gmail.com,6006196668@Do,
hunter.io,https://hunter.io/users/sign_in,lion5645@vibzi.net,!%q8P3at5RYmzak,
hunter.io,https://hunter.io/users/sign_up,adf,lion5645@vibzi.net,
huntr.co,https://huntr.co/signup/chrome,mailtobasit74@gmail.com,6006196668@Hu,
ibtexamination.com,https://ibtexamination.com/JKHC-REG-5-2024/index,2451061634,19930626,
id.getmailspring.com,https://id.getmailspring.com/,mailtobasit74@gmail.com,6006196668@Ma,
identity.codesignal.com,https://identity.codesignal.com/auth/signup,mailtobasit74@gmail.com,6006196668@Code,
identity.getpostman.com,https://identity.getpostman.com/login,mailtobasit74@gmail.com,6006196668@Po,
imglarger.com,https://imglarger.com/Enhancer,noyiha9531@mfunza.com,noyiha9531@mfunza.com,
jkpsc.nic.in,https://jkpsc.nic.in/Pages/login.aspx,2500282801,7889726044@Jk,
jkssb.nic.in,https://jkssb.nic.in/,1900104462,7889726044@Jkssb,
jobs.bytedance.com,https://jobs.bytedance.com/referral/pc/login,basitshafi.dev@gmail.com,6006196668@By,
jobs.dubaicareers.ae,https://jobs.dubaicareers.ae/careersection/careersection/privacyagreement/statementBeforeAuthentification.jsf,basitshafi.dev@gmail.com,6006196668@Du,
jobs.laimoon.com,https://jobs.laimoon.com/saudi/.net,basitshafi.dev@gmail.com,6006196668@La,
jobs.saudinetworkers.com:8083,https://jobs.saudinetworkers.com:8083/Account/Register,basitshafi.dev@gmail.com,6006196668@Sa,
leetcode.com,https://leetcode.com/,mailtobasit74@gmail.com,6006196668@Le,
letsenhance.io,https://letsenhance.io/signup,hoyacem859@iteradev.com,hoyacem859@iteradev.com,
linkedradar.com,https://linkedradar.com/user/register,falcon03442@spinly.net,tC!A!E78r3Pc8RQ,
login.docker.com,https://login.docker.com/,devxbasit,6006196668@Do,
login.launchpad.net,https://login.launchpad.net/,mailtobasit74@gmail.com,6006196668@Ub,
login.live.com,https://login.live.com/oauth20_authorize.srf,basit774@hotmail.com,6006196668@Mi,
login.microsoftonline.com,https://login.microsoftonline.com/,basit.shafi@maqta.com,6006196668@Ma,
login.microsoftonline.com,https://login.microsoftonline.com/common/oauth2/authorize,basit.devx@outlook.com,6006196668@Mi,
login.ubuntu.com,https://login.ubuntu.com/,mailtobasit74@gmail.com,6006196668@Ub,
lotusintouch.sbi.com,android://SxaftXB-8ciiA9ZlVXWuc4ce3dce0LcZKh__HPyfXrrmxTZSKRNFhKaFkrs8cSjvu_Uws10ctZ6Dis831viqnA==@com.sbi.lotusintouch/,devxbasit74,6006196668@Sb,
mail.bluemail.me,android://90YK4cPTUhXX2MO-EHfKfaCG42x5WOKbzKgw2PmpOVwwWK7FRk7bH2JP3p0fcURmxOklgbFyygETyFcWEu_Urw==@me.bluemail.mail/,basitshafi.dev@gmail.com,6006196668@Go,
mailshake.com,https://mailshake.com/signup/,ox2776@dotvu.net,66u$AaR_XN2icU5,
mailshake.com,https://mailshake.com/signup/,saxaky@polkaroad.net,66u$AaR_XN2icU5,
membership.cyberlink.com,https://membership.cyberlink.com/,,"9RYXgh%;Exvz5""#",
monkeytype.com,https://monkeytype.com/,mailtobasit74@gmail.com,6006196668@Mo,
my.mystrika.com,https://my.mystrika.com/register,adsfsdfg,4Zb3RqJ!XumYh$6,
my.saleshandy.com,https://my.saleshandy.com/signup,tern3528@dotvu.net,asdfadsfadsfasdf123RE##,
myaccount.openvpn.com,https://myaccount.openvpn.com/,yoceler762@fahih.com,yoceler762@fahih.comyoceler762@fahih.com,
myedit.online,https://myedit.online/,vekopam407@ikuromi.com,"9RYXgh%;Exvz5""#",
newapp.anymailfinder.com,https://newapp.anymailfinder.com/auth/login,batfish599@dotzi.net,WrYjnt7WL6Y@@7h,
newapp.anymailfinder.com,https://newapp.anymailfinder.com/auth/login,buffalo320@mailshan.com,WrYjnt7WL6Y@@7h,
novoresume.com,https://novoresume.com/,aksaurooj62@gmail.com,Password456,
oapamz.icicibank.com,https://oapamz.icicibank.com/,7006787893,611600,
optimhire.com,https://optimhire.com/d/signup,basitshafi.dev@gmail.com,6006196668@Op,
osrskuast.net,https://osrskuast.net/university_recruitment/index.php,iqra6797,G2bus8,
osrskuast.net,https://osrskuast.net/university_recruitment/index.php,iqra7218,Xjc3mU,
ostrich.lmq.cloudamqp.com,https://ostrich.lmq.cloudamqp.com/login,hcidvfyh,85COkXI6Qx42VSwSJSABqrglJ_4MvCId,
passbook.epfindia.gov.in,https://passbook.epfindia.gov.in/,101810306389,6006196668@EPfo,
phantombuster.com,https://phantombuster.com/signup,shark732@dotup.net,shark732@dotup.netssW,
picsart.com,https://picsart.com/,,:SLU6~q52dW63mq,
picsart.com,https://picsart.com/ai-image-enhancer/,noyiha9531@mfunza.com,noyiha9531@mfu,
plantorbit.com,https://plantorbit.com/,wasitshafi700@gmail.com,9622511677@Pl,
plumgoodness.com,https://plumgoodness.com/,mailtobasit74@gmail.com,6006196668@Pl,
portal.3cix.com,https://portal.3cix.com/sign_up_job_seeker,basitshafi.dev@gmail.com,6006196668@Po,
portal1.passportindia.gov.in,https://portal1.passportindia.gov.in/,IQRASHAFI951@GMAIL.COM,9596515864@Pa,
portal1.passportindia.gov.in,https://portal1.passportindia.gov.in/,MOHAMMADSHAFI7744@GMAIL.COM,9596515864@Pa,
portal1.passportindia.gov.in,https://portal1.passportindia.gov.in/,YASMEENJAN774@GMAIL.COM,9596515864@Pa,
portal2.bsnl.in,https://portal2.bsnl.in/,mailtobasit74@gmail.com,6006196668@Bs,
practice.geeksforgeeks.org,https://practice.geeksforgeeks.org/,mailtobasit74@gmail.com,6006196668@Ge,
recruit.pro-capita.com,https://recruit.pro-capita.com/Recruiter-Login,basitshafi.dev@gmail.com,6006196668@Re,
registration.pro-capita.com,https://registration.pro-capita.com/External-Registration,basitshafi.dev@gmail.com,6006196668@Re,
resumeworded.com,https://resumeworded.com/account-login,biwebiw794@mcatag.com,6006196668@DPo4,
rocketreach.co,https://rocketreach.co/,lyluwoxa@logsmarter.net,hQmiYR@F4aHSZ9d,
signin.aws.amazon.com,https://signin.aws.amazon.com/,wasitshafi700@gmail.com,9622511677@Aw,
signup.zoominfo.com,https://signup.zoominfo.com/,koqicina@polkaroad.net,$buA!GP8jeT4QVv,
skillroads.com,https://skillroads.com/user/signup,mailtobasit74@gmail.com,6006196668@Sk,
smartbs.jkpdd.net,https://smartbs.jkpdd.net/login/,yasmeenjan774@gmail.com,6006196668@Bi,
sso.wrtn.ai,https://sso.wrtn.ai/signup/password,mailtobasit74@gmail.com,6006196668@Ru,
stackapps.com,https://stackapps.com/users/login,mailtobasit74@gmail.com,6006196668@St,
stackoverflow.com,https://stackoverflow.com/,mailtobasit74@gmail.com,6006196668@St,
studentservice.iust.ac.in,https://studentservice.iust.ac.in/,IUST0117010187,6006196668@Iu,
studentservice.iust.ac.in,https://studentservice.iust.ac.in/,IUST0117010188,6006196668@Iu,
t.codeclan.org,https://t.codeclan.org/register/signup,basitshafi.dev@gmail.com,6006196668@Co,
talentmate.com,https://talentmate.com/employer/login,basitshafi.dev@gmail.com,6006196668@Ta,
thinkster.io,https://thinkster.io/,wokedi9612@vkr1.com,wokedi9612@vkr1.com,
twitter.com,https://twitter.com/,devxbasit,6006196668@X,
unifiedportal-mem.epfindia.gov.in,https://unifiedportal-mem.epfindia.gov.in/,,MM6Sv5VZv4uY6i5,
unifiedportal-mem.epfindia.gov.in,https://unifiedportal-mem.epfindia.gov.in/,101810306389,6006196668@EPfo,
unix.stackexchange.com,https://unix.stackexchange.com/,mailtobasit74@gmail.com,6006196668@St,
unsplash.com,https://unsplash.com/login,mailtobasit74@gmail.com,6006196668@Un,
vanceai.com,https://vanceai.com/,,"m6U)fjbDBLL>2v,",
vanceai.com,https://vanceai.com/register/,hoyacem859@iteradev.com,hoyacem859@iteradev.com,
visa.vfsglobal.com,https://visa.vfsglobal.com/ind/en/deu/register,Huvyb@Gmail.com,BfQLfNbU?$NP583,
webapps.stackexchange.com,https://webapps.stackexchange.com/users/login,mailtobasit74@gmail.com,6006196668@St,
wuzzuf.net,https://wuzzuf.net/,basitshafi.dev@gmail.com,6006196668@Wu,
www-v1.genymotion.com,https://www-v1.genymotion.com/account/create/,mailtobasit74@gmail.com,6006196668@Ge,
www.amazon.ae,https://www.amazon.ae/ap/register,50 476 7209,6006196668@Am,
www.amazon.ae,https://www.amazon.ae/ap/register,Basit,6006196668@Am,
www.amazon.ae,https://www.amazon.ae/ap/signin,mailtobasit74@gmail.com,6006196668@Am,
www.amazon.in,https://www.amazon.in/,mailtobasit74@gmail.com,6006196668@Am,
www.amazon.in,https://www.amazon.in/,syedzulaikha49@gmail.com,7889726044@Am,
www.amazon.in,https://www.amazon.in/,wasitshafi700@gmail.com,9622511677@Amaz,
www.antal.com,https://www.antal.com/login,basitshafi.dev@gmail.com,6006196668@An,
www.bayt.com,https://www.bayt.com/,basitshafi.dev@gmail.com,6006196668@Ba,
www.bootdey.com,https://www.bootdey.com/sign-up,biwebiw794@mcatag.com,biwebiw794@mcatag.com,
www.c-sharpcorner.com,https://www.c-sharpcorner.com/,devxbasit@gmail.com,6006196668@Cs,
www.codechef.com,https://www.codechef.com/,devxbasit,6006196668@Co,
www.cutout.pro,https://www.cutout.pro/,vagota@closetab.email,vagota@closetab.email,
www.cutout.pro,https://www.cutout.pro/,vekopam407@ikuromi.com,vekopam407@ikuromi.com,
www.cutout.pro,https://www.cutout.pro/photo-enhancer-sharpener-upscaler/upload,taraje2423@egela.com,taraje2423@egela.com,
www.englishclass101.com,https://www.englishclass101.com/,mailtobasit74@gmail.com,",Na63=x>xR=TR#N",
www.exceeders.com,https://www.exceeders.com/auth/register,,6006196668@Ex,
www.expatriates.com,https://www.expatriates.com/scripts/users/create_password.epl,retohic478@nweal.com,*vZ7W85jiiWpM6_,
www.facebook.com,https://www.facebook.com/login/web/,yasmeenjan774@gmail.com,6006196668@Fa,
www.flipkart.com,https://www.flipkart.com/,7006787893,6006196668@Fi,
www.fotor.com,https://www.fotor.com/images/create,sawoto6541@sablecc.com,sawoto6541@sablecc.comEE,
www.founditgulf.com,https://www.founditgulf.com/seeker/registration,basitshafi.dev@gmail.com,6006196668@Fo,
www.geeksforgeeks.org,https://www.geeksforgeeks.org/,mailtobasit74@gmail.com,6006196668@Ge,
www.geonames.org,https://www.geonames.org/login,TestUserNG,dimaw70029@elahan.com,
www.geonames.org,https://www.geonames.org/login,TestUserNg,dimaw70029@elahan.com,
www.glassdoor.co.in,https://www.glassdoor.co.in/profile/login_input.htm,basit774@hotmail.com,6006196668@Gl,
www.glassdoor.com,https://www.glassdoor.com/index.htm,basit774@hotmail.com,6006196668@Gl,
www.gulftalent.com,https://www.gulftalent.com/,basitshafi.dev@gmail.com,6006196668@Gu,
www.hackerearth.com,https://www.hackerearth.com/,mailtobasit74@gmail.com,6006196668@Ha,
www.hackerrank.com,https://www.hackerrank.com/,baatinx,6006196668@Ha,
www.hlbhamthr.com,https://www.hlbhamthr.com/HLBPAYROLL/Login/Registration,EP77Nk,6006196668@Hr,
www.hlbhamthr.com,https://www.hlbhamthr.com/HLBPAYROLL/Login/Registration,basitshafi.dev@gmail.com,6006196668@Hr,
www.linkedin.com,https://www.linkedin.com/,6006196668,6006196668@Li,
www.linkedin.com,https://www.linkedin.com/,basitshafi.dev@gmail.com,6006196668@Li,
www.linkedin.com,https://www.linkedin.com/,devxbasit@gmail.com,6006196668@Li,
www.linkedin.com,https://www.linkedin.com/checkpoint/rm/sign-in-another-account,7889726044,7889726044@Li,
www.linkedin.com,https://www.linkedin.com/checkpoint/rm/sign-in-another-account,mailtobasit74@gmail.com,6006196668@Li,
www.linkedin.com,https://www.linkedin.com/login,7006787893,6006196668@Li,
www.linkedin.com,https://www.linkedin.com/uas/login,basitshafi.dev@gmail.com,6006196668@Li,
www.linkedin.com,https://www.linkedin.com/uas/login,iqrashafi951@gmail.com,7889726044@Li,
www.lintcode.com,https://www.lintcode.com/,mailtobasit74@gmail.com,6006196668@Li,
www.makemytrip.com,https://www.makemytrip.com/bus/traveller,Basit Shafi Wani,6006196668@Ma,
www.manpowergroup.ae,https://www.manpowergroup.ae/users/register/new/registration,basitshafi.dev@gmail.com,6006196668@Ma,
www.michaelpage.ae,https://www.michaelpage.ae/job-apply-external/ref/jn-052024-6440340/bWF0dGpvbmVzLjg3NDcyLjEzNjRAcGFnZWFlLmFwbGl0cmFrLmNvbQ,basitshafi.dev@gmail.com,6006196668@Mi,
www.myntra.com,https://www.myntra.com/,,6006196668@My,
www.naukrigulf.com,https://www.naukrigulf.com/,basitshafi.dev@gmail.com,6006196668@Na,
www.notion.so,https://www.notion.so/,mailtobasit74@gmail.com,6006196668@No,
www.olx.in,https://www.olx.in/,+917006787893,6006196668@Ol,
www.opendesktop.org,https://www.opendesktop.org/login/redirect/P2UKAATRpnMuCwNxV3Sei0tETUM3ZGhjbkhDZKgW2x4OTRh0HgjR2qITql3xWgDJhWPnYDO.PIwFS1pJ,mailtobasit74@gmail.com,6006196668@Pl,
www.paintminds.com,https://www.paintminds.com/,gepeca1754@carspure.com,gepeca1754@carspure.comgepeca1754@carspure.com,
www.pinterest.com,https://www.pinterest.com/,mailtobasit74@gmail.com,6006196668@Pi,
www.pling.com,https://www.pling.com/password/change,mailtobasit74@gmail.com,6006196668@Pl,
www.semrush.com,https://www.semrush.com/on-page-seo-checker/,saninef569@luvnish.com,saninef569@luvnish.com,
www.shine.com,https://www.shine.com/change/password/,mailtobasit74@gmail.com,b%*EtKpg&E4DCD5,
www.signalhire.com,https://www.signalhire.com/,biporet464@letpays.com,biporet464@letpays.com,
www.talentmate.com,https://www.talentmate.com/candidate/signup,basitshafi.dev@gmail.com,6006196668@Ta,
www.talentmeetup.com,https://www.talentmeetup.com/auth/register,basitshafi.dev@gmail.com,6006196668@Ta,
www.udemy.com,https://www.udemy.com/,mailtobasit74@gmail.com,6006196668@Ud,
www.upwork.com,https://www.upwork.com/,basitshafi.dev@gmail.com,6006196668@Up,
www.zerobounce.net,https://www.zerobounce.net/members/signin/register,ox2776@dotvu.net,KxALf*9@a*X76vE,
